{"name":"ba730a5d-525c-4d32-8de9-1530f18e7fd5","id":"/providers/Microsoft.Flow/flows/ba730a5d-525c-4d32-8de9-1530f18e7fd5","type":"Microsoft.Flow/flows","properties":{"apiId":"/providers/Microsoft.PowerApps/apis/shared_logicflows","displayName":"Demurrage V2","definition":{"metadata":{"workflowEntityId":null,"processAdvisorMetadata":null,"flowChargedByPaygo":null,"flowclientsuspensionreason":"None","flowclientsuspensiontime":null,"flowclientsuspensionreasondetails":null,"creator":{"id":"56fc10a4-6830-47f5-88b9-48d41705dac5","type":"User","tenantId":"63982aff-fb6c-4c22-973b-70e4acfb63e6"},"provisioningMethod":"FromDefinition","failureAlertSubscription":true,"clientLastModifiedTime":"2025-12-02T12:28:43.8423878Z","connectionKeySavedTimeKey":"2025-12-02T12:28:43.8423878Z","creationSource":"Portal","modifiedSources":"Portal"},"$schema":"https://schema.management.azure.com/providers/Microsoft.Logic/schemas/2016-06-01/workflowdefinition.json#","contentVersion":"1.0.0.0","parameters":{"$authentication":{"defaultValue":{},"type":"SecureObject"},"$connections":{"defaultValue":{},"type":"Object"}},"triggers":{"Quando_um_novo_email_é_recebido":{"splitOn":"@triggerOutputs()?['body/value']","type":"OpenApiConnectionNotification","inputs":{"parameters":{"from":"thayna.oliveira@rodofly.com.br;igor.p.affonso@gsk.com;miriam.s.colucci@gsk.com","includeAttachments":true},"host":{"apiId":"/providers/Microsoft.PowerApps/apis/shared_office365","connectionName":"shared_office365-1","operationId":"OnNewEmailV3"},"authentication":"@parameters('$authentication')"}}},"actions":{"Meses":{"runAfter":{},"type":"InitializeVariable","inputs":{"variables":[{"name":"Meses","type":"array","value":["Janeiro","Fevereiro","Março","Abril","Maio","Junho","Julho","Agosto","Setembro","Outubro","Novembro","Dezembro"]}]}},"Verificar_mês":{"foreach":"@variables('Meses')","actions":{"Condição":{"actions":{"LAVAGEM_1":{"actions":{"Aplicar_a_cada_anexo_LAVAGEM_1":{"foreach":"@triggerOutputs()?['body/attachments']","actions":{"Criar_arquivo_LAVAGEM_1":{"type":"OpenApiConnection","inputs":{"parameters":{"dataset":"https://myteams.gsk.com/sites/COMEXeTradeComplianceGSKFarma-Brasil","folderPath":"/Shared Documents/Comprovantes de Demurrage/Demurrage - 2025/@{items('Verificar_mês')}/Lavagem","name":"@item()?['name']","body":"@item()?['contentBytes']"},"host":{"apiId":"/providers/Microsoft.PowerApps/apis/shared_sharepointonline","connectionName":"shared_sharepointonline","operationId":"CreateFile"},"authentication":"@parameters('$authentication')"},"runtimeConfiguration":{"contentTransfer":{"transferMode":"Chunked"}}}},"type":"Foreach"}},"else":{"actions":{"INTERCÂMBIO_1":{"actions":{"Aplicar_a_cada_anexo_INTERCÂMBIO_1":{"foreach":"@triggerOutputs()?['body/attachments']","actions":{"Criar_arquivo_INTERCÂMBIO_1":{"type":"OpenApiConnection","inputs":{"parameters":{"dataset":"https://myteams.gsk.com/sites/COMEXeTradeComplianceGSKFarma-Brasil","folderPath":"/Shared Documents/Comprovantes de Demurrage/Demurrage - 2025/@{items('Verificar_mês')}/Intercâmbio - LUC","name":"@item()?['name']","body":"@item()?['contentBytes']"},"host":{"apiId":"/providers/Microsoft.PowerApps/apis/shared_sharepointonline","connectionName":"shared_sharepointonline","operationId":"CreateFile"},"authentication":"@parameters('$authentication')"},"runtimeConfiguration":{"contentTransfer":{"transferMode":"Chunked"}}}},"type":"Foreach"}},"else":{"actions":{"AGENDAMENTO_1":{"actions":{"Aplicar_a_cada_anexo_AGENDAMENTO_1":{"foreach":"@triggerOutputs()?['body/attachments']","actions":{"Criar_arquivo_AGENDAMENTO_1":{"type":"OpenApiConnection","inputs":{"parameters":{"dataset":"https://myteams.gsk.com/sites/COMEXeTradeComplianceGSKFarma-Brasil","folderPath":"/Shared Documents/Comprovantes de Demurrage/Demurrage - 2025/@{items('Verificar_mês')}/Agendamento","name":"@item()?['name']","body":"@item()?['contentBytes']"},"host":{"apiId":"/providers/Microsoft.PowerApps/apis/shared_sharepointonline","connectionName":"shared_sharepointonline","operationId":"CreateFile"},"authentication":"@parameters('$authentication')"},"runtimeConfiguration":{"contentTransfer":{"transferMode":"Chunked"}}}},"type":"Foreach"}},"else":{"actions":{}},"expression":{"and":[{"contains":["@triggerOutputs()?['body/subject']","@items('Verificar_mês')"]},{"contains":["@triggerOutputs()?['body/subject']","AGENDAMENTO"]}]},"type":"If"}}},"expression":{"and":[{"contains":["@triggerOutputs()?['body/subject']","@items('Verificar_mês')"]},{"contains":["@triggerOutputs()?['body/subject']","INTERCÂMBIO"]}]},"type":"If"}}},"expression":{"and":[{"contains":["@triggerOutputs()?['body/subject']","LAVAGEM"]}]},"type":"If"}},"else":{"actions":{}},"expression":{"and":[{"contains":["@triggerOutputs()?['body/subject']","@items('Verificar_mês')"]}]},"type":"If"}},"runAfter":{"Meses":["Succeeded"]},"type":"Foreach"}},"outputs":{},"description":""},"connectionReferences":{"shared_office365-1":{"connectionName":"0a629d9e731046eb99ea2c1939124def","source":"Embedded","id":"/providers/Microsoft.PowerApps/apis/shared_office365","tier":"NotSpecified","apiName":"office365","isProcessSimpleApiReferenceConversionAlreadyDone":false},"shared_sharepointonline":{"connectionName":"shared-sharepointonl-943db3f1-28e0-41d8-955e-cbca598f1071","source":"Embedded","id":"/providers/Microsoft.PowerApps/apis/shared_sharepointonline","tier":"NotSpecified","apiName":"sharepointonline","isProcessSimpleApiReferenceConversionAlreadyDone":false}},"flowFailureAlertSubscribed":false,"isManaged":false}}