{"name":"b1c1bb35-74fa-45d4-9635-7776cdc24fb9","id":"/providers/Microsoft.Flow/flows/b1c1bb35-74fa-45d4-9635-7776cdc24fb9","type":"Microsoft.Flow/flows","properties":{"apiId":"/providers/Microsoft.PowerApps/apis/shared_logicflows","displayName":"Alerta Revisão Periódica","definition":{"metadata":{"workflowEntityId":null,"processAdvisorMetadata":null,"flowChargedByPaygo":null,"flowclientsuspensionreason":"None","flowclientsuspensiontime":null,"flowclientsuspensionreasondetails":null,"creator":{"id":"56fc10a4-6830-47f5-88b9-48d41705dac5","type":"User","tenantId":"63982aff-fb6c-4c22-973b-70e4acfb63e6"},"provisioningMethod":"FromDefinition","failureAlertSubscription":true,"clientLastModifiedTime":"2026-01-13T13:48:13.7585135Z","connectionKeySavedTimeKey":"2026-01-13T13:48:13.7585135Z","creationSource":"Portal","modifiedSources":"Portal"},"$schema":"https://schema.management.azure.com/providers/Microsoft.Logic/schemas/2016-06-01/workflowdefinition.json#","contentVersion":"undefined","parameters":{"$authentication":{"defaultValue":{},"type":"SecureObject"},"$connections":{"defaultValue":{},"type":"Object"}},"triggers":{"Recurrence":{"recurrence":{"frequency":"Day","interval":"1","startTime":"2026-01-08T13:00:00.000Z"},"evaluatedRecurrence":{"frequency":"Day","interval":"1","startTime":"2026-01-08T13:00:00.000Z"},"type":"Recurrence"}},"actions":{"Listar_linhas_presentes_em_uma_tabela":{"runAfter":{},"metadata":{"01LXKDWZRM5ZU6SLWU6FE2JXLVZPTGYBFK":"/Importação/Base - Revisão periódica de documentos (Comex).xlsx","tableId":"{E1F867CB-A64E-4375-B25B-6BCA7970635E}"},"type":"OpenApiConnection","inputs":{"parameters":{"source":"groups/a85daf7a-08e1-43d9-a78f-461688b8cb4a","drive":"b!oDps49IeeUKhlMLPIMCviJd9zx-MlRpPkeNPTaAa-EiOZQK2R-yNTalbFqtCvXjZ","file":"01LXKDWZRM5ZU6SLWU6FE2JXLVZPTGYBFK","table":"{E1F867CB-A64E-4375-B25B-6BCA7970635E}"},"host":{"apiId":"/providers/Microsoft.PowerApps/apis/shared_excelonlinebusiness","connectionName":"shared_excelonlinebusiness","operationId":"GetItems"},"authentication":"@parameters('$authentication')"}},"Aplicar_a_cada":{"foreach":"@outputs('Listar_linhas_presentes_em_uma_tabela')?['body/value']","actions":{"Condição_1":{"actions":{"Condição":{"actions":{"Enviar_um_email_(V2)":{"metadata":{"operationMetadataId":"4cd5a240-b161-4d08-9bb3-214079797db6"},"type":"OpenApiConnection","inputs":{"parameters":{"emailMessage/To":"bianca.x.brandao@gsk.com;br.gskbr@gsk.com;comex_tradecompliance_br@gsk.com","emailMessage/Subject":"Alerta Revisão Periódica - @{item()?['Document Name']}","emailMessage/Body":"<p class=\"editor-paragraph\">O documento @{item()?['Document Name']} está prestes a vencer. A seguir as informações referentes a esse documento:</p><br><p class=\"editor-paragraph\">Número do documento: @{item()?['Document Number']}<br>Data para revisão periódica: @{formatDateTime(\r\n  if(\r\n    contains(string(item()?['Next Periodic Review Date']), 'T'),\r\n    convertTimeZone(\r\n      item()?['Next Periodic Review Date'],\r\n      'UTC',\r\n      'E. South America Standard Time'\r\n    ),\r\n    addDays(\r\n      '1899-12-30',\r\n      int(item()?['Next Periodic Review Date'])\r\n    )\r\n  ),\r\n  'dd/MM/yyyy'\r\n)}<br>Dias para vencimento: @{item()?['Prazo Remanescente (Dias)']}</p>","emailMessage/Importance":"Normal"},"host":{"apiId":"/providers/Microsoft.PowerApps/apis/shared_office365","connectionName":"shared_office365","operationId":"SendEmailV2"},"authentication":"@parameters('$authentication')"}}},"else":{"actions":{}},"expression":{"or":[{"lessOrEquals":["@int(item()?['Prazo Remanescente (Dias)'])",90]},{"lessOrEquals":["@int(item()?['Prazo Remanescente (Dias)'])",60]},{"lessOrEquals":["@int(item()?['Prazo Remanescente (Dias)'])",30]},{"lessOrEquals":["@int(item()?['Prazo Remanescente (Dias)'])",7]}]},"type":"If"}},"else":{"actions":{}},"expression":{"and":[{"greaterOrEquals":["@int(item()?['Prazo Remanescente (Dias)'])",0]}]},"type":"If"}},"runAfter":{"Listar_linhas_presentes_em_uma_tabela":["Succeeded"]},"type":"Foreach"}}},"connectionReferences":{"shared_excelonlinebusiness":{"connectionName":"shared-excelonlinebu-9c7ea8c0-e639-4173-a138-ca7212bad5b0","source":"Embedded","id":"/providers/Microsoft.PowerApps/apis/shared_excelonlinebusiness","tier":"NotSpecified","apiName":"excelonlinebusiness","isProcessSimpleApiReferenceConversionAlreadyDone":false},"shared_office365":{"connectionName":"0a629d9e731046eb99ea2c1939124def","source":"Embedded","id":"/providers/Microsoft.PowerApps/apis/shared_office365","tier":"NotSpecified","apiName":"office365","isProcessSimpleApiReferenceConversionAlreadyDone":false}},"flowFailureAlertSubscribed":false,"isManaged":false}}